controle;modalidade;numero;ano;objeto;valor_estimado;valor_homologado;publicacao;situacao;coletado_em
56089790000188-1-000013/2026;Concorrência eletrônica;95001;2026;Contratação de construção e instalação de escadas de acesso a praia da reserva de desenvolvimento sustentável da Barra do Una.;113604.14;110980.67;2026-01-26T07:06:20;Divulgada no PNCP;2026-10-09T15:08:00-03:00
56089790000188-1-000008/2026;Pregão eletrônico;90001;2026;Contratação de serviços de gerenciamento do abastecimento de combustíveis e insumos para a frota de veículos e equipamentos do Contratante, por meio de sistema informatizado e integrado, com utilização de cartão de pagamento vinculado a arranjo de pagamento aberto e rede credenciada de postos, abrangendo o fornecimento de combustíveis, ARLA, lubrificantes, fluidos, filtros, serviços de lavagem e itens correlatos.;6418783.87;;2026-01-19T07:04:16;Divulgada no PNCP;2026-10-09T15:08:00-03:00
56089790000188-1-000010/2026;Pregão eletrônico;90002;2026;Contratação de serviços de serviços de administração, gerenciamento e controle da manutenção preventiva e corretiva de veículos, drones, máquinas e equipamentos, nos termos da tabela abaixo, conforme condições e exigências estabelecidas neste Termo de Referência.;3784950.0;;2026-01-20T07:09:11;Divulgada no PNCP;2026-10-09T15:08:00-03:00
56089790000188-1-000014/2026;Pregão eletrônico;93001;2026;Contratação de serviços para confecção de uniformes e peças funcionais destinadas aos funcionários da Fundação Florestal, através de ATA de Registro de Preços;3598346.0;3077000.0;2026-01-28T07:12:37;Divulgada no PNCP;2026-10-09T15:08:00-03:00
56089790000188-1-000020/2026;Pregão eletrônico;90003;2026;Contratação de de serviços para Diagramação, Confecção e Instalação de 81 (oitenta e uma) Placas de Sinalização em rodovias administradas pelo Departamento de Estradas de Rodagem – DER e concessionária EIXO SP, para as Áreas de Proteção Ambiental – APAs Piracicaba Juqueri-Mirim Área I e Cuesta Corumbataí;405540.0;322499.88;2026-02-12T07:02:56;Divulgada no PNCP;2026-10-09T15:08:00-03:00
56089790000188-1-000022/2026;Pregão eletrônico;90004;2026;Contratação de Serviços para Fornecimento de Licenças de Software - Revit;82444.28;58280.0;2026-02-13T07:06:13;Divulgada no PNCP;2026-10-09T15:08:00-03:00
56089790000188-1-000024/2026;Pregão eletrônico;93003;2026;Constituição de Registro de Preços para contratação de serviços de manutenção, conservação e reparos nas unidades sob a gestão da Fundação Florestal.;0.0;;2026-02-24T07:05:07;Divulgada no PNCP;2026-10-09T15:08:00-03:00
56089790000188-1-000027/2026;Pregão eletrônico;90005;2026;Contratação de Prestação de Serviços de Gerenciamento do Abastecimento de Combustíveis em Veículos e Outros Serviços Prestados por Postos Credenciados;0.0;;2026-02-25T07:03:18;Divulgada no PNCP;2026-10-09T15:08:00-03:00
56089790000188-1-000032/2026;Pregão eletrônico;90008;2026;Aquisição de 46 (quarenta e seis) baterias automotivas, conforme condições e exigências estabelecidas neste Edital.;0.0;;2026-03-02T07:15:16;Divulgada no PNCP;2026-10-09T15:08:00-03:00
56089790000188-1-000033/2026;Pregão eletrônico;90007;2026;Contratação de serviço de desconstrução e destinação final de resíduos de imóvel no interior do Parque Estadual da Serra do Mar - Núcleo Picinguaba.;77704.11;58278.09;2026-03-02T07:15:25;Divulgada no PNCP;2026-10-09T15:08:00-03:00
56089790000188-1-000036/2026;Pregão eletrônico;90006;2026;Contratação de serviços de auditoria independente para verificação e certificação das Demonstrações Financeiras anuais da Fundação para a Conservação e a Produção Florestal do Estado de São Paulo;131493.96;59990.0;2026-03-05T09:30:41;Divulgada no PNCP;2026-10-09T15:08:00-03:00
56089790000188-1-000039/2026;Pregão eletrônico;90009;2026;Contratação de serviço de transporte e recarga de cilindros de ar comprimido, conforme condições e exigências estabelecidas nesse Termo de Referência;24432.0;23280.0;2026-03-06T07:11:10;Divulgada no PNCP;2026-10-09T15:08:00-03:00
56089790000188-1-000040/2026;Pregão eletrônico;93004;2026;Aquisição, por meio de Ata de Registro de Preços, de equipamentos e insumos destinados ao atendimento das necessidades operacionais do Programa MonitoraBioSP;5223843.8;3327660.0;2026-03-06T07:13:08;Divulgada no PNCP;2026-10-09T15:08:00-03:00
56089790000188-1-000043/2026;Pregão eletrônico;90010;2026;Prestação de Serviços de Limpeza, Asseio e Conservação Predial;351156.0;200874.0;2026-03-16T07:03:34;Divulgada no PNCP;2026-10-09T15:08:00-03:00
56089790000188-1-000051/2026;Pregão eletrônico;93005;2026;Aquisição, por meio de Ata de Registro de Preços, de Equipamentos de Proteção Individual (EPIs) e itens correlatos destinados ao atendimento das necessidades operacionais das brigadas da Fundação Florestal.;2834175.0;1827000.0;2026-03-17T07:03:20;Divulgada no PNCP;2026-10-09T15:08:00-03:00
56089790000188-1-000052/2026;Pregão eletrônico;93006;2026;Aquisição, por meio de Ata de Registro de Preços, de Equipamentos de Proteção Individual (EPIs) e itens correlatos destinados ao atendimento das necessidades operacionais das brigadas da Fundação Florestal;5621040.0;2676975.0;2026-03-17T07:10:44;Divulgada no PNCP;2026-10-09T15:08:00-03:00
56089790000188-1-000065/2026;Pregão eletrônico;90011;2026;Contratação de empresa especializada para prestação de serviços de administração, gerenciamento e fornecimento de vale-refeição;1765315.2;1765315.2;2026-03-23T07:12:11;Divulgada no PNCP;2026-10-09T15:08:00-03:00
56089790000188-1-000067/2026;Pregão eletrônico;90012;2026;Contratação de Vale-Alimentação para empregados temporários brigadistas;330076.8;330076.8;2026-03-25T07:08:20;Divulgada no PNCP;2026-10-09T15:08:00-03:00
56089790000188-1-000072/2026;Pregão eletrônico;90013;2026;Contratação de plataforma digital de impressão sob demanda (print-on-demand), com loja virtual integrada, para comercialização de souvenirs e outros produtos personalizados relacionados às Áreas Protegidas e programas institucionais da Fundação Florestal;100.0;;2026-03-27T07:12:39;Divulgada no PNCP;2026-10-09T15:08:00-03:00
56089790000188-1-000074/2026;Pregão eletrônico;93007;2026;Constituição de Registro de preços para contratação(ões) futura(s) de serviços de manutenção, conservação, reparos nas unidades pertencentes a Fundação Florestal, conforme condições e exigências estabelecidas neste Edital, em especial no Anexo I - Termo de Referência e Estudo Técnico Preliminar.;228074203.92;181467046.92;2026-04-01T07:10:17;Divulgada no PNCP;2026-10-09T15:08:00-03:00
56089790000188-1-000078/2026;Pregão eletrônico;90014;2026;Vigilância e segurança patrimonial, com dedicação exclusiva de mão de obra, incluindo postos de vigilantes e vigilantes brigadistas, armados e desarmados, em regime diurno e noturno, motorizados e não motorizados;8816133.24;7899980.77;2026-04-07T07:11:09;Divulgada no PNCP;2026-10-09T15:08:00-03:00
56089790000188-1-000081/2026;Pregão eletrônico;93008;2026;Registro de preços para contratação(ões) futura(s) da aquisição de 40 (quarenta) veículos automotores novos (zero quilômetro) do tipo caminhonete tipo cabine dupla, diesel, tração 4x4, na cor branca, conforme condições, quantidades e exigências estabelecidas neste Edital e seus Anexos;13483866.8;12200000.0;2026-04-09T07:10:26;Divulgada no PNCP;2026-10-09T15:08:00-03:00
56089790000188-1-000084/2026;Pregão eletrônico;90016;2026;Contratação de serviços de demolição 96,74 m2 de imóvel na parte Sul da Ilha do Cardoso, na comunidade Marujá, desconstrução das edificações alvenaria e madeira, retirada de entulhos e descarte em local adequado e legalizado, preferencialmente na vila do Ariri, no continente, conforme condições, quantidades e exigências estabelecidas neste Edital e seus Anexos;55750.92;55750.92;2026-04-14T07:03:36;Divulgada no PNCP;2026-10-09T15:08:00-03:00
56089790000188-1-000085/2026;Pregão eletrônico;90015;2026;Contratação da prestação de Serviços de Gerenciamento do Abastecimento de Combustíveis em Veículos e equipamentos e outros serviços prestados por postos credenciados e disponibilização de rede credenciada de postos de combustíveis, e serviços, conforme TR.;6418783.92;5982306.61;2026-04-14T07:13:24;Divulgada no PNCP;2026-10-09T15:08:00-03:00
56089790000188-1-000093/2026;Pregão eletrônico;90017;2026;Contratação de serviços de empresa especializada para elaboração, implantação, execução, coordenação e monitoramento do Programa de Controle Médico de Saúde Ocupacional – PCMSO, em conformidade com a NR-7 vigente, integrada ao Programa de Gerenciamento de Riscos – PGR (NR-1), incluindo atendimento integral às obrigações do eSocial (eventos de SST), legislação trabalhista, previdenciária e de proteção de dados pessoais nos termos do Edital de Licitação e Anexos;143704.72;75000.0;2026-04-27T07:05:02;Divulgada no PNCP;2026-10-09T15:08:00-03:00
56089790000188-1-000101/2026;Pregão eletrônico;90019;2026;Contratação de solução de TIC para acesso remoto seguro do tipo VPN, por meio de modelo de locação mensal, contemplando o fornecimento de equipamento (appliance de segurança), licenciamento e suporte técnico;0.0;;2026-04-30T07:07:51;Divulgada no PNCP;2026-10-09T15:08:00-03:00
56089790000188-1-000102/2026;Pregão eletrônico;90018;2026;Aquisição de materiais de consumo destinado a infraestrutura para visitação em cavernas no Parque Estadual Turístico do Alto Ribeira, nos termos da tabela abaixo, conforme condições e exigências estabelecidas neste Edital e Anexos;13626.1;6539.62;2026-04-30T07:09:15;Divulgada no PNCP;2026-10-09T15:08:00-03:00
56089790000188-1-000145/2026;Pregão eletrônico;90020;2026;Contratação de empresa especializada para substituição de 02 (dois) transformadores de Distribuição de Energia, nos termos deste edital e anexos;50600.0;44999.0;2026-05-19T07:11:35;Divulgada no PNCP;2026-10-09T15:08:00-03:00
56089790000188-1-000146/2026;Pregão eletrônico;90021;2026;Contratação de Serviços de manutenção preventiva periódica e manutenção corretiva sob demanda para o grupo motor gerador a diesel instalado no Núcleo Perequê do Parque Estadual Ilha do Cardoso com fornecimento de material, conforme este edital e seus anexos;215389.02;;2026-05-20T07:16:50;Divulgada no PNCP;2026-10-09T15:08:00-03:00
56089790000188-1-000162/2026;Pregão eletrônico;93011;2026;Registro de preços para contratações futuras de serviços de transporte fluvial e marítimo, com fornecimento de embarcação e tripulação, destinados a atender às diversas demandas operacionais da Fundação Florestal, tais como atividades de monitoramento, pesquisa científica, transporte de materiais e equipamentos, ações de educação ambiental, interação comunitária, vistorias técnicas e atendimento a emergências em áreas protegidas, nos termos deste Edital de Licitação e An;5201466.75;4306600.0;2026-05-26T07:15:18;Divulgada no PNCP;2026-10-09T15:08:00-03:00
56089790000188-1-000163/2026;Pregão eletrônico;93010;2026;Aquisição, por meio de Ata de Registro de Preços, bens permanentes destinados ao monitoramento ambiental de cavernas sob gestão da Fundação Florestal, em seus aspectos biológico e físicos, nos termos do termo de referência e anexos;292533.6;212060.6;2026-05-26T07:16:27;Divulgada no PNCP;2026-10-09T15:08:00-03:00
56089790000188-1-000165/2026;Pregão eletrônico;93012;2026;Aquisição, por meio de Ata de Registro de Preços, de materiais destinados ao monitoramento ambiental de cavernas sob gestão da Fundação Florestal, em seus aspectos biológico e físicos, nos termos do termo de referência e anexos;36367.9;26961.0;2026-05-27T07:04:55;Divulgada no PNCP;2026-10-09T15:08:00-03:00
56089790000188-1-000167/2026;Pregão eletrônico;90023;2026;Contratação de empresa para prestação de serviços terceirizados continuados de Motorista de Veículos, para atendimento das necessidades da Fundação Florestal;166372.08;142800.0;2026-05-28T07:10:24;Divulgada no PNCP;2026-10-09T15:08:00-03:00
56089790000188-1-000171/2026;Pregão eletrônico;90022;2026;Contratação de solução de TIC para acesso remoto seguro do tipo VPN, por meio de modelo de locação mensal, contemplando o fornecimento de equipamento (appliance de segurança), licenciamento e suporte técnico;51602.28;33999.96;2026-06-02T07:04:46;Divulgada no PNCP;2026-10-09T15:08:00-03:00
56089790000188-1-000172/2026;Pregão eletrônico;90024;2026;Aquisição de materiais de Informática, conforme condições e exigências estabelecidas neste Edital e seus Anexos;278560.49;190718.2;2026-06-03T07:05:53;Divulgada no PNCP;2026-10-09T15:08:00-03:00
56089790000188-1-000173/2026;Pregão eletrônico;90025;2026;Contratação de serviços de instalação de placas indicativas em rodovias situadas no território das Áreas de Proteção Ambiental - APA Piracicaba / Juqueri-Mirim Área II e APA Sistema Cantareira, conforme condições estabelecidas neste Edital e Anexos;35233.24;28000.0;2026-06-03T07:06:56;Divulgada no PNCP;2026-10-09T15:08:00-03:00
56089790000188-1-000212/2026;Pregão eletrônico;209;2026;Contratação de serviços continuados de apoio técnico-administrativo presencial, com dedicação exclusiva de mão de obra, para atendimento das demandas administrativas da Fundação Florestal, conforme especificações, quantitativos, perfis profissionais, postos de trabalho e demais condições estabelecidas no Termo de Referência.;27761.42;2585040.0;2026-07-07T17:08:22;Divulgada no PNCP;2026-10-09T15:08:00-03:00
56089790000188-1-000224/2026;Pregão eletrônico;214;2026;Aquisição de materiais e equipamentos para utilização na reintrodução de Bugios-ruivos (Alouatta guariba), no Parque Estadual Ilha do Cardoso, no município de Cananéia – SP;384319.04;90035.28;2026-07-17T11:01:35;Divulgada no PNCP;2026-10-09T15:08:00-03:00
56089790000188-1-000226/2026;Pregão eletrônico;215;2026;Contratação de serviços de construção de 03 (três) recintos, com fornecimento de materiais para uso na reintrodução de Bugiosruivos (Alouatta guariba) no Parque Estadual Ilha do Cardoso, conforme Memorial Descritivo e Projeto Estrutural e condições e exigências estabelecidas neste Edital.;211731.36;148211.95;2026-07-21T10:59:24;Divulgada no PNCP;2026-10-09T15:08:00-03:00
56089790000188-1-000245/2026;Pregão eletrônico;239;2026;Contratação de serviços de mudança, compreendendo acondicionamento, carregamento, transporte, descarregamento e, quando necessário, desmontagem de móveis, destinados à remoção de mobiliário, equipamentos, eletrodomésticos, utensílios domésticos, objetos de uso pessoal e demais pertences existentes em até 22 edificações localizadas no Parque Estadual de Itaberaba, Município de Guarulhos SP, para local indicado pela Administração no Município de São Paulo SP;110000.0;66000.0;2026-08-12T09:33:03;Divulgada no PNCP;2026-10-09T15:08:00-03:00
56089790000188-1-000248/2026;Pregão eletrônico;240;2026;Aquisição de 01 (um) Veículo Utilitário Multitarefa - UTV, novo, zero quilômetro, sem uso anterior e de primeiro fornecimento, com fabricação não anterior a 2026 e, quando aplicável ao modelo comercializado, ano/modelo 2026 ou superior, com capacidade original e homologada para exatamente 02 (dois) ocupantes, incluindo o condutor, equipado com caçamba traseira basculante e acessórios operacionais, conforme condições, quantidades e exigências estabelecidas neste Edital e seus Anexos.;133990.0;;2026-08-14T11:05:02;Divulgada no PNCP;2026-10-09T15:08:00-03:00
56089790000188-1-000255/2026;Pregão eletrônico;241;2026;Aquisição de equipamentos de informática, computadores desktop e impressoras multifuncional A3, bens objeto desta aquisição caracterizados como comuns, conforme este Edital e seus Anexos;0.0;;2026-08-24T08:36:55;Divulgada no PNCP;2026-10-09T15:08:00-03:00
56089790000188-1-000293/2026;Pregão eletrônico;247;2026;Contratação de serviços de transporte fluvial e marítimo, com fornecimento de embarcação e tripulação, destinados a atender às diversas demandas operacionais da Fundação Florestal, tais como atividades de monitoramento, pesquisa científica, transporte de materiais e equipamentos, ações de educação ambiental, interação comunitária, vistorias técnicas e atendimento a emergências em áreas protegidas, conforme este Edital e seus Anexos;162000.0;161280.0;2026-09-15T14:52:04;Divulgada no PNCP;2026-10-09T15:08:00-03:00
56089790000188-1-000294/2026;Pregão eletrônico;248;2026;Aquisição de 160 (cento e sessenta) capacetes de proteção individual para uso em quadriciclo, conforme condições e exigências estabelecidas neste Edital.;0.0;;2026-09-17T07:56:53;Divulgada no PNCP;2026-10-09T15:08:00-03:00
56089790000188-1-000296/2026;Pregão eletrônico;243;2026;Registro de preços para futura e eventual aquisição de rádios comunicadores portáteis, rádios transceptores móveis veiculares e antenas veiculares compatíveis, destinados ao atendimento das necessidades operacionais das equipes da Fundação Florestal, incluindo brigadistas, gestores, postos operacionais, Polos Regionais, Unidades de Conservação e veículos utilizados nas ações de fiscalização, proteção ambiental, prevenção e combate a incêndios florestais;495169.4;;2026-09-21T13:40:07;Divulgada no PNCP;2026-10-09T15:08:00-03:00
56089790000188-1-000301/2026;Pregão eletrônico;245;2026;Registro de Preços para eventual aquisição de enxoval completo e utensílios de cozinha destinados às hospedarias das áreas protegidas da Fundação Florestal;2697096.63;;2026-09-28T15:56:02;Divulgada no PNCP;2026-10-09T15:08:00-03:00
56089790000188-1-000305/2026;Pregão eletrônico;251;2026;Aquisição de equipamentos de informática, computadores desktop e impressoras multifuncional A3, bens objeto desta aquisição caracterizados como comuns, conforme este Edital e seus Anexos;42108.64;;2026-09-30T08:19:15;Divulgada no PNCP;2026-10-09T15:08:00-03:00
56089790000188-1-000307/2026;Pregão eletrônico;252;2026;Contratação de serviços de manutenção e conservação de áreas verdes, incluindo supressão e remoção de árvores, no Parque Estadual Águas da Prata, sob a gestão da Fundação Florestal, conforme condições estabelecidas no Edital e seus Anexos;31400.0;;2026-09-30T12:35:40;Divulgada no PNCP;2026-10-09T15:08:00-03:00
56089790000188-1-000309/2026;Pregão eletrônico;253;2026;Contratação de elaboração e execução do Programa de Acompanhamento Arqueológico - Nível II para as obras de implantação do Acesso Viário à Comunidade Quilombola de Bombas;304657.5;;2026-10-02T15:41:04;Divulgada no PNCP;2026-10-09T15:08:00-03:00
56089790000188-1-000311/2026;Pregão eletrônico;134;2026;Contratação de serviços de manutenção preventiva e corretiva dos sistemas e equipamentos de climatização instalados na Sede da Fundação Florestal, incluindo elaboração, implantação, atualização e execução do Plano de Manutenção, Operação e Controle – PMOC, diagnóstico técnico inicial, atendimento corretivo por chamado, mão de obra, ferramentas, materiais de consumo e pequenas peças indispensáveis às rotinas ordinárias de manutenção, conforme condições estabelecidas no Edital e seus Anexos.;34991.16;;2026-10-06T07:22:28;Divulgada no PNCP;2026-10-09T15:08:00-03:00
56089790000188-1-000025/2026;Dispensa;162;2026;Contratação de patrocínio para manutenção do aplicativo móvel - Que Macaco é Esse?;2484.0;2484.0;2026-02-24T16:25:54;Divulgada no PNCP;2026-10-09T15:08:00-03:00
56089790000188-1-000031/2026;Dispensa;165;2026;Contratação de dispositivos eletrônicos de pedágio (TAG) para veículos da frota da Fundação Florestal;6447.6;6447.6;2026-02-26T09:46:01;Divulgada no PNCP;2026-10-09T15:08:00-03:00
56089790000188-1-000035/2026;Dispensa;166;2026;Contratação de serviço de operacionalização de processo eleitoral eletrônico;3103.4;3103.4;2026-03-03T12:57:17;Divulgada no PNCP;2026-10-09T15:08:00-03:00
56089790000188-1-000068/2026;Dispensa;170;2026;Contratação de serviços de despachante;5315.83;5315.83;2026-03-26T11:31:56;Divulgada no PNCP;2026-10-09T15:08:00-03:00
56089790000188-1-000082/2026;Dispensa;172;2026;Contratação de serviços de transporte marítimo;16000.0;16000.0;2026-04-09T10:08:27;Divulgada no PNCP;2026-10-09T15:08:00-03:00
56089790000188-1-000113/2026;Dispensa;177;2026;Obra emergencial de proteção do cordão arenoso e da restinga do Estreito do Melão, na Laguna do Ararapira (PE Ilha do Cardoso), mediante transpasse por dragagem de sedimentos, implantação de tubos geotêxteis e execução de aterro hidráulico compactado, ao longo de aproximadamente 450 m, visando garantir largura mínima de 30 m, no Município de Cananeia/SP;12199972.05;12199972.05;2026-05-06T14:22:45;Divulgada no PNCP;2026-10-09T15:08:00-03:00
56089790000188-1-000136/2026;Dispensa;182;2026;Serviço de Intervenção no Servidor AD;45000.0;45000.0;2026-05-14T10:28:53;Divulgada no PNCP;2026-10-09T15:08:00-03:00
56089790000188-1-000137/2026;Dispensa;100;2026;contratação de solução integrada de gestão (ERP), na modalidade Software como Serviço (SaaS), destinada à modernização, integração e automação dos processos administrativos e financeiros da Fundação Florestal;16385193.6;16385193.6;2026-05-14T11:40:38;Divulgada no PNCP;2026-10-09T15:08:00-03:00
56089790000188-1-000141/2026;Dispensa;183;2026;Adesão às Atas de Registro de Preços nº 01/2025 e nº 02/2025, decorrentes do Pregão Eletrônico COADM nº 90004/2024, para futura contratação de materiais gráficos e comunicação visual destinados ao apoio da Fundação Florestal no evento AVISTAR 2026, conforme Portaria Normativa FF nº 07/2026. A contratação ocorre na condição de órgão não participante, nos termos do art. 86 da Lei Federal nº 14.133/2021.;15493.37;15493.37;2026-05-18T11:50:59;Divulgada no PNCP;2026-10-09T15:08:00-03:00
56089790000188-1-000164/2026;Dispensa;186;2026;Contratação de banca organizadora para concurso público FF;965000.0;965000.0;2026-05-26T12:40:21;Divulgada no PNCP;2026-10-09T15:08:00-03:00
56089790000188-1-000174/2026;Dispensa;188;2026;Aquisição de pins/bottons;12780.0;12780.0;2026-06-03T09:47:43;Divulgada no PNCP;2026-10-09T15:08:00-03:00
56089790000188-1-000176/2026;Dispensa;190;2026;Contratação de serviços de licenças para gestão de projetos, tarefas e documentos institucionais, com colaboração, controle de acesso, versionamento e organização de bases de conhecimento.;40896.0;40896.0;2026-06-08T10:58:14;Divulgada no PNCP;2026-10-09T15:08:00-03:00
56089790000188-1-000190/2026;Dispensa;198;2026;Convênio Banco do Brasil - Arrecadação Inscrições do Concurso Público da Fundação Florestal;40000.0;40000.0;2026-06-16T14:29:25;Divulgada no PNCP;2026-10-09T15:08:00-03:00
56089790000188-1-000197/2026;Dispensa;203;2026;SOLICITAÇÃO DE RENOVAÇÃO DE CERTIFICADO DIGITAL;522.52;522.52;2026-06-26T10:49:40;Divulgada no PNCP;2026-10-09T15:08:00-03:00
56089790000188-1-000202/2026;Dispensa;204;2026;Serviços de reestofamento em sofá da Hospedaria do Horto Florestal;7950.0;7950.0;2026-06-30T09:20:22;Divulgada no PNCP;2026-10-09T15:08:00-03:00
56089790000188-1-000203/2026;Dispensa;205;2026;Aquisição de medalhas comemorativas personalizadas alusivas aos 40 anos da Fundação Florestal;55250.0;55250.0;2026-06-30T10:15:58;Divulgada no PNCP;2026-10-09T15:08:00-03:00
56089790000188-1-000208/2026;Dispensa;206;2026;Contratação de apresentação cultural da Banda Meninas do Sol - FF 40 anos;7905.0;7905.0;2026-07-06T09:04:16;Divulgada no PNCP;2026-10-09T15:08:00-03:00
56089790000188-1-000209/2026;Dispensa;207;2026;Aquisição de materiais elétricos destinados ao evento comemorativo dos 40 anos da FF;6327.92;6327.92;2026-07-06T10:14:55;Divulgada no PNCP;2026-10-09T15:08:00-03:00
56089790000188-1-000261/2026;Dispensa;242;2026;SOLICITAÇÃO DE AQUISIÇÃO E RENOVAÇÃO DE CERTIFICADO DIGITAL;506.15;506.15;2026-08-27T13:09:21;Divulgada no PNCP;2026-10-09T15:08:00-03:00
56089790000188-1-000298/2026;Dispensa;249;2026;Prorrogação de registros de marcas (logotipos) da Fundação Florestal;10500.0;10500.0;2026-09-24T11:24:59;Divulgada no PNCP;2026-10-09T15:08:00-03:00
56089790000188-1-000005/2026;Inexigibilidade;155;2026;Contratação de 100 (cem) pacotes de cursos on-line para capacitação profissional;0.0;167400.0;2026-01-09T11:20:44;Anulada;2026-10-09T15:08:00-03:00
56089790000188-1-000006/2026;Inexigibilidade;157;2026;Contratação de 100 (cem) pacotes de cursos on-line para capacitação profissional;167400.0;167400.0;2026-01-09T13:41:53;Divulgada no PNCP;2026-10-09T15:08:00-03:00
56089790000188-1-000007/2026;Inexigibilidade;156;2026;Treinamento contínuo em Licitações e Contratos Administrativos - Programa -Tutor Tira Dúvidas;62520.0;62520.0;2026-01-09T14:08:03;Divulgada no PNCP;2026-10-09T15:08:00-03:00
56089790000188-1-000404/2025;Inexigibilidade;193;2025;Credenciamento de provedores de serviços ambientais, pertencentes a comunidades tradicionais ou titulares de pequenas propriedades rurais localizadas na área de abrangência definida no âmbito do Projeto de Pagamento por Serviços Ambientais (PSA) Juçara, vinculado ao Programa de Conservação da Palmeira-Juçara, instituído pela Portaria Normativa FF nº 327/2021;7660000.0;26200.0;2026-01-19T12:43:24;Divulgada no PNCP;2026-10-09T15:08:00-03:00
56089790000188-1-000012/2026;Inexigibilidade;159;2026;Prestação de Serviços de Alimentação em Unidades de Conservação;225490.0;3210.0;2026-01-23T15:16:13;Divulgada no PNCP;2026-10-09T15:08:00-03:00
56089790000188-1-000415/2025;Inexigibilidade;203;2025;Credenciamento para provedores de serviços ambientais do PSA Juçara (2ª Edição, 2024/25);7660000.0;38300.01;2026-01-26T12:10:02;Divulgada no PNCP;2026-10-09T15:08:00-03:00
56089790000188-1-000416/2025;Inexigibilidade;111;2025;credenciamento de provedores de serviços ambientais de comunidades tradicionais ou com pequenas propriedades rurais sobrepostas a área de abrangência estabelecida, para o projeto de Pagamento por Serviços Ambientais (PSA) Juçara, no âmbito do Programa de Conservação da Palmeira-Juçara (Portaria Normativa FF Nº 327/2021);7660000.0;14100.0;2026-01-26T12:23:03;Divulgada no PNCP;2026-10-09T15:08:00-03:00
56089790000188-1-000417/2025;Inexigibilidade;110;2025;Credenciamento de provedores de serviços ambientais de comunidades tradicionais ou com pequenas propriedades rurais sobrepostas a área de abrangência estabelecida, para o projeto de Pagamento por Serviços Ambientais (PSA) Juçara, no âmbito do Programa de Conservação da Palmeira-Juçara (Portaria Normativa FF Nº 327/2021);7660000.0;38300.01;2026-01-26T12:26:46;Divulgada no PNCP;2026-10-09T15:08:00-03:00
56089790000188-1-000418/2025;Inexigibilidade;109;2025;Credenciamento de provedores de serviços ambientais de comunidades tradicionais ou com pequenas propriedades rurais sobrepostas a área de abrangência estabelecida, para o projeto de Pagamento por Serviços Ambientais (PSA) Juçara, no âmbito do Programa de Conservação da Palmeira-Juçara (Portaria Normativa FF Nº 327/2021);7660000.0;38300.01;2026-01-26T12:30:28;Divulgada no PNCP;2026-10-09T15:08:00-03:00
56089790000188-1-000419/2025;Inexigibilidade;108;2025;Credenciamento de provedores de serviços ambientais de comunidades tradicionais ou com pequenas propriedades rurais sobrepostas a área de abrangência estabelecida, para o projeto de Pagamento por Serviços Ambientais PSA Juçara, no âmbito do Programa de Conservação da Palmeira-Juçara Portaria Normativa FF Nº 327/2021;7660000.0;38300.01;2026-01-26T12:36:36;Divulgada no PNCP;2026-10-09T15:08:00-03:00
56089790000188-1-000420/2025;Inexigibilidade;204;2025;Credenciamento para provedores de serviços ambientais do PSA Juçara (2ª Edição, 2024/25);7660000.0;38300.01;2026-01-26T12:44:24;Divulgada no PNCP;2026-10-09T15:08:00-03:00
56089790000188-1-000421/2025;Inexigibilidade;205;2025;Credenciamento para provedores de serviços ambientais do PSA Juçara (2ª Edição, 2024/25);7660000.0;38300.01;2026-01-26T12:49:21;Divulgada no PNCP;2026-10-09T15:08:00-03:00
56089790000188-1-000423/2025;Inexigibilidade;206;2025;Credenciamento para provedores de serviços ambientais do PSA Juçara (2ª Edição, 2024/25);7660000.0;38300.01;2026-01-28T10:00:44;Divulgada no PNCP;2026-10-09T15:08:00-03:00
56089790000188-1-000424/2025;Inexigibilidade;207;2025;Credenciamento para provedores de serviços ambientais do PSA Juçara (2ª Edição, 2024/25);7660000.0;38300.01;2026-01-28T10:16:46;Divulgada no PNCP;2026-10-09T15:08:00-03:00
56089790000188-1-000425/2025;Inexigibilidade;208;2025;Credenciamento de provedores de serviços ambientais;7660000.0;38300.01;2026-01-28T10:27:15;Divulgada no PNCP;2026-10-09T15:08:00-03:00
56089790000188-1-000426/2025;Inexigibilidade;209;2025;Credenciamento para provedores de serviços ambientais do PSA Juçara (2ª Edição, 2024/25);7660000.0;38300.01;2026-01-28T10:39:11;Divulgada no PNCP;2026-10-09T15:08:00-03:00
56089790000188-1-000427/2025;Inexigibilidade;210;2025;Credenciamento para provedores de serviços ambientais do PSA Juçara (2ª Edição, 2024/25);7660000.0;38300.01;2026-01-28T11:00:14;Divulgada no PNCP;2026-10-09T15:08:00-03:00
56089790000188-1-000428/2025;Inexigibilidade;211;2025;Credenciamento para provedores de serviços ambientais do PSA Juçara (2ª Edição, 2024/25);7660000.0;38300.01;2026-01-28T11:06:17;Divulgada no PNCP;2026-10-09T15:08:00-03:00
56089790000188-1-000429/2025;Inexigibilidade;212;2025;Credenciamento para provedores de serviços ambientais do PSA Juçara (2ª Edição, 2024/25);7660000.0;38300.01;2026-01-28T11:10:48;Divulgada no PNCP;2026-10-09T15:08:00-03:00
56089790000188-1-000430/2025;Inexigibilidade;213;2025;Credenciamento para provedores de serviços ambientais do PSA Juçara (2ª Edição, 2024/25);7660000.0;38300.01;2026-01-28T11:17:29;Divulgada no PNCP;2026-10-09T15:08:00-03:00
56089790000188-1-000431/2025;Inexigibilidade;214;2025;Credenciamento para provedores de serviços ambientais do PSA Juçara (2ª Edição, 2024/25);7660000.0;38300.01;2026-01-28T11:23:10;Divulgada no PNCP;2026-10-09T15:08:00-03:00
56089790000188-1-000432/2025;Inexigibilidade;215;2025;Credenciamento para provedores de serviços ambientais do PSA Juçara (2ª Edição, 2024/25);7660000.0;38300.01;2026-01-28T11:29:33;Divulgada no PNCP;2026-10-09T15:08:00-03:00
56089790000188-1-000433/2025;Inexigibilidade;216;2025;Credenciamento para provedores de serviços ambientais do PSA Juçara (2ª Edição, 2024/25);7660000.0;38300.01;2026-01-28T11:34:16;Divulgada no PNCP;2026-10-09T15:08:00-03:00
56089790000188-1-000023/2026;Inexigibilidade;161;2026;Prestação de serviços de alimentação em Unidades de Conservação;72156.8;469.76;2026-02-20T10:27:36;Divulgada no PNCP;2026-10-09T15:08:00-03:00
56089790000188-1-000029/2026;Inexigibilidade;163;2026;Contratação de prestação de serviços de alimentação em Unidade de Conservação;2254900.0;1981.8;2026-02-25T09:34:45;Divulgada no PNCP;2026-10-09T15:08:00-03:00
56089790000188-1-000030/2026;Inexigibilidade;164;2026;Prestação de serviços de alimentação em Unidades de Conservação;135294.0;2568.0;2026-02-25T10:03:00;Divulgada no PNCP;2026-10-09T15:08:00-03:00
56089790000188-1-000041/2026;Inexigibilidade;167;2026;Prestação de serviços de alimentação em Unidades de Conservação;1014705.0;13647.6;2026-03-09T16:56:50;Divulgada no PNCP;2026-10-09T15:08:00-03:00
56089790000188-1-000044/2026;Inexigibilidade;168;2026;Contratação de prestação de serviços de alimentação em Unidade de Conservação;270588.0;3228.4;2026-03-16T09:05:23;Divulgada no PNCP;2026-10-09T15:08:00-03:00
56089790000188-1-000064/2026;Inexigibilidade;169;2026;Prestação de serviços de alimentação em Unidades de Conservação;315686.0;4708.2;2026-03-20T09:07:39;Divulgada no PNCP;2026-10-09T15:08:00-03:00
56089790000188-1-000080/2026;Inexigibilidade;171;2026;Prestação de serviços de alimentação em Unidades de Conservação;67647.0;672.6;2026-04-08T16:23:49;Divulgada no PNCP;2026-10-09T15:08:00-03:00
56089790000188-1-000086/2026;Inexigibilidade;173;2026;Aquisição de equipamentos, maquinários e implementos destinados ao fortalecimento da capacidade operacional da Fundação Florestal nas ações de prevenção e combate a incêndios florestais, por intermédio de adesão, na condição de órgão não participante, à Ata de Registro de Preços nº 90012/2025 (SEI 0102597712), no âmbito do Programa Patrulha Agrícola, conduzida pela Secretaria de Agricultura e Abastecimento do Estado de São Paulo, nos termos do art. 86 da Lei Federal nº 14.133/2021.;9799453.66;9799453.66;2026-04-14T10:48:36;Divulgada no PNCP;2026-10-09T15:08:00-03:00
56089790000188-1-000087/2026;Inexigibilidade;174;2026;Trata-se da aquisição de equipamentos destinados ao fortalecimento da capacidade operacional da Fundação Florestal nas ações de prevenção e combate a incêndios florestais, por intermédio de adesão, na condição de órgão não participante, à Ata de Registro de Preços nº 90010/2025 (SEI 0102759878), no âmbito do Programa Patrulha Agrícola, conduzida pela Secretaria de Agricultura e Abastecimento do Estado de São Paulo, nos termos do art. 86 da Lei Federal nº 14.133/2021.;1533148.0;1533148.0;2026-04-14T11:28:44;Divulgada no PNCP;2026-10-09T15:08:00-03:00
56089790000188-1-000089/2026;Inexigibilidade;175;2026;Prestação de serviços de alimentação em Unidades de Conservação;360784.0;2152.0;2026-04-17T11:04:29;Divulgada no PNCP;2026-10-09T15:08:00-03:00
56089790000188-1-000098/2026;Inexigibilidade;176;2026;Prestação de serviços de alimentação em Unidades de Conservação;56372.5;560.5;2026-04-28T15:52:57;Divulgada no PNCP;2026-10-09T15:08:00-03:00
56089790000188-1-000117/2026;Inexigibilidade;178;2026;Prestação de serviços de alimentação em Unidades de Conservação;9371.34;9371.34;2026-05-07T09:58:14;Divulgada no PNCP;2026-10-09T15:08:00-03:00
56089790000188-1-000118/2026;Inexigibilidade;179;2026;Prestação de serviços de alimentação em Unidades de Conservação;101470.5;1926.0;2026-05-07T10:27:28;Divulgada no PNCP;2026-10-09T15:08:00-03:00
56089790000188-1-000122/2026;Inexigibilidade;180;2026;Prestação de serviços de alimentação em Unidades de Conservação;67647.0;1345.2;2026-05-07T15:41:43;Divulgada no PNCP;2026-10-09T15:08:00-03:00
56089790000188-1-000130/2026;Inexigibilidade;181;2026;Prestação de serviços de alimentação em Unidades de Conservação;450980.0;2936.0;2026-05-08T11:08:58;Divulgada no PNCP;2026-10-09T15:08:00-03:00
56089790000188-1-000175/2026;Inexigibilidade;189;2026;Prestação de serviços de alimentação em Unidades de Conservação;112745.0;5207.0;2026-06-08T10:24:55;Divulgada no PNCP;2026-10-09T15:08:00-03:00
56089790000188-1-000177/2026;Inexigibilidade;191;2026;Prestação de serviços de alimentação em Unidades de Conservação;90196.0;896.8;2026-06-08T11:18:52;Divulgada no PNCP;2026-10-09T15:08:00-03:00
56089790000188-1-000178/2026;Inexigibilidade;192;2026;Contratação de prestação de serviços de alimentação em Unidade de Conservação;180392.0;2690.4;2026-06-08T12:25:36;Divulgada no PNCP;2026-10-09T15:08:00-03:00
56089790000188-1-000179/2026;Inexigibilidade;193;2026;Prestação de serviços de alimentação em Unidades de Conservação;135294.0;2568.0;2026-06-08T12:56:02;Divulgada no PNCP;2026-10-09T15:08:00-03:00
56089790000188-1-000180/2026;Inexigibilidade;194;2026;Prestação de serviços de alimentação em Unidades de Conservação;227744.9;1647.31;2026-06-08T15:08:10;Divulgada no PNCP;2026-10-09T15:08:00-03:00
56089790000188-1-000181/2026;Inexigibilidade;196;2026;Prestação de serviços de alimentação em Unidades de Conservação;112745.0;1457.25;2026-06-08T16:44:47;Divulgada no PNCP;2026-10-09T15:08:00-03:00
56089790000188-1-000183/2026;Inexigibilidade;197;2026;Prestação de serviços de alimentação em Unidades de Conservação;184901.8;2281.24;2026-06-09T09:43:25;Divulgada no PNCP;2026-10-09T15:08:00-03:00
56089790000188-1-000184/2026;Inexigibilidade;199;2026;Contratação de prestação de serviços de alimentação em Unidade de Conservação;541176.0;11973.6;2026-06-09T14:15:04;Divulgada no PNCP;2026-10-09T15:08:00-03:00
56089790000188-1-000186/2026;Inexigibilidade;200;2026;Prestação de serviços de alimentação em Unidades de Conservação;67647.0;1345.2;2026-06-10T13:12:42;Divulgada no PNCP;2026-10-09T15:08:00-03:00
56089790000188-1-000192/2026;Inexigibilidade;201;2026;Prestação de serviços de alimentação em Unidades de Conservação;281862.5;5513.2;2026-06-18T15:14:41;Divulgada no PNCP;2026-10-09T15:08:00-03:00
56089790000188-1-000193/2026;Inexigibilidade;202;2026;Prestação de serviços de alimentação em Unidades de Conservação;33823.5;733.65;2026-06-19T15:31:58;Divulgada no PNCP;2026-10-09T15:08:00-03:00
56089790000188-1-000198/2026;Inexigibilidade;195;2026;Contratação de prestação de serviços de alimentação em Unidade de Conservação;541176.0;3130.8;2026-06-26T15:36:15;Divulgada no PNCP;2026-10-09T15:08:00-03:00
56089790000188-1-000210/2026;Inexigibilidade;208;2026;Prestação de serviços de alimentação em Unidades de Conservação;202941.0;3301.2;2026-07-06T12:45:39;Divulgada no PNCP;2026-10-09T15:08:00-03:00
56089790000188-1-000218/2026;Inexigibilidade;210;2026;Aquisição de 02 retroescavadeiras, destinadas ao fortalecimento da capacidade operacional da Fundação Florestal nas atividades de manutenção, conservação, infraestrutura e proteção das UCs, em atendimento ao Convênio nº 2020/11/000070.0, celebrado entre a FF e a SP Águas, por intermédio de adesão, na condição de órgão não participante, à ARP nº 90012/2025, conduzido pela Secretaria de Agricultura e Abastecimento do Estado de São Paulo, nos termos do art. 86 da Lei Federal nº 14.133/2021.;588983.06;588983.06;2026-07-14T09:54:11;Divulgada no PNCP;2026-10-09T15:08:00-03:00
56089790000188-1-000220/2026;Inexigibilidade;211;2026;Prestação de serviços de alimentação - Aniversário 40 anos Fundação Florestal;270588.0;3913.2;2026-07-14T16:36:02;Divulgada no PNCP;2026-10-09T15:08:00-03:00
56089790000188-1-000221/2026;Inexigibilidade;212;2026;Prestação de serviços de alimentação - Aniversário 40 anos Fundação Florestal;270588.0;3913.2;2026-07-14T16:43:33;Divulgada no PNCP;2026-10-09T15:08:00-03:00
56089790000188-1-000223/2026;Inexigibilidade;213;2026;Prestação de serviços de alimentação - Aniversário 40 anos Fundação Florestal;270588.0;3913.2;2026-07-16T11:27:55;Divulgada no PNCP;2026-10-09T15:08:00-03:00
56089790000188-1-000229/2026;Inexigibilidade;237;2026;Contratação de prestação de serviços de alimentação em Unidade de Conservação;157843.0;2354.1;2026-07-24T12:59:39;Divulgada no PNCP;2026-10-09T15:08:00-03:00
56089790000188-1-000242/2026;Inexigibilidade;238;2026;Prestação de serviços de alimentação em Unidades de Conservação;112745.0;3210.0;2026-08-10T09:31:36;Divulgada no PNCP;2026-10-09T15:08:00-03:00
56089790000188-1-000252/2026;Inexigibilidade;90;2026;Contratação de empresa especializada para prestação dos serviços de manutenção corretiva, adaptativa e evolutiva, sustentação, hospedagem, suporte técnico e operação da plataforma de vendas e agendamentos online atualmente utilizada pela Fundação Florestal, destinada à comercialização e gestão de ingressos, hospedagens, serviços, atividades de uso público, locação de espaços e produtos vinculados ao uso público, bem como da plataforma de validação de reservas e controle de acesso de visitantes, incluindo a implementação de melhorias, adequações e novas funcionalidades, processamento de pagamentos e fornecimento dos equipamentos necessários à prestação dos serviços, com garantia de continuidade da operação existente, nos termos da tabela abaixo e conforme condições e exigências estabelecidas neste Termo de Referência.;1675638.98;1675638.98;2026-08-20T16:15:14;Divulgada no PNCP;2026-10-09T15:08:00-03:00
56089790000188-1-000071/2026;Credenciamento;86;2026;Credenciamento para aquisição de sementes de palmeira-juçara (2026);15.0;767610.0;2026-03-26T16:00:20;Divulgada no PNCP;2026-10-09T15:08:00-03:00
56089790000188-1-000169/2026;Credenciamento;141;2026;Credenciamento de pessoas físicas e jurídicas para prestação de serviços médicos veterinários especializados de resgate, atendimento clínico emergencial, manejo e destinação de fauna silvestre nas Unidades de Conservação e respectivas Zonas de Amortecimento sob gestão da Fundação Florestal.;0.0;;2026-05-28T14:33:50;Divulgada no PNCP;2026-10-09T15:08:00-03:00
